1,1,1,"Подготовить все продукты. Для вкусных котлет лучше всего взять смешанный фарш: свинину, говядину/телятину и птицу в равных частях.
Мясо нарезать кусочками. Лук репчатый очистить, разрезать на 4 части. Пропустить мясо и лук через мясорубку. (Лук можно мелко нарезать и добавить в фарш.)"
2,2,1,"В ведерко хлебопечки налить теплую воду, добавить растительное масло, всыпать сперва 500 г муки, соль, сахар и дрожжи. (Если нужно, чтобы тесто получилось особенно пышным, кроме дрожжей можно подсыпать также немного разрыхлителя в муку.)
Поставить ведерко в хлебопечку и запустить ее в режиме ""подъем теста без выпекания"". Не торопиться закрывать крышку.
Тесто не будет густым, и вполне можно добавить еще муки. В процессе вымешивания из теста должен образоваться шар."
3,2,2,"Фарш для беляшей можно приготовить из любого мяса. Мясо желательно пропускать через мясорубку с крупной решеткой, а лук мелко нарезать. Солить фарш лучше непосредственно перед приготовлением беляшей."
4,2,2,"На посыпанной мукой поверхности разделить тесто на нужные по размеру части для беляшей, дать им полежать несколько минут.
Затем сделать в каждом кусочке теста углубление. Выложить туда начинку, чуть примять и закрепить края, завернув их к середине, оставить в середине небольшое отверстие."
5,2,4,"Выкладывать каждый пирожок отверстием вниз на сковороду в сильно разогретое растительное масло.

Переворачивать на другую сторону по мере румяности.

Приятного аппетита!"
6,1,2,"Яйцо взбить со сметаной вилкой или венчиком.
Картофель и чеснок (по желанию) очистить, натереть на мелкой терке."
7,1,3,"Все ингредиенты - мясной фарш с луком, картофель с чесноком, яйцо со сметаной и муку - выложить в миску. Посолить и поперчить.

Всё тщательно перемешать."
8,1,4,"Из приготовленного фарша сформовать котлеты.
Хорошо разогреть сковороду, налить масло. Выложить котлеты в раскалённое масло.
Котлеты жарить сперва с одной стороны до румяной корочки минут 5-6 (огонь немного уменьшить). Затем перевернуть котлеты и жарить с другой стороны на среднем огне еще несколько минут. При желании котлеты можно довести до готовности под крышкой пару минут.

Домашние котлеты готовы. К котлетам вкусно подать картофельное пюре или гречневую кашу.
Приятного аппетита!"
9,3,1,"Первым делом сварить бульон.
В кастрюлю переложить свиные рёбра и говядину, добавить одну очищенную луковицу (или половинку крупной), очищенную морковь и лавровый лист. Залить мясо кипятком. Поставить кастрюлю на огонь и довести воду до кипения, снять пену. Варить бульон на маленьком огне 1,5 часа.

Спустя время у нас получится довольно крутой и аппетитный бульон. Процедить бульон, мясо отложить в сторону для остывания. Выбросить лук и морковь, бульон вернуть в кастрюлю и поставить на маленький огонь."
10,3,2,"Бекон нарезать средними кубиками.

Очистить вторую луковицу (или использовать оставшуюся половинку) и нарезать небольшими кубиками."
11,3,3,"Очистить вторую луковицу (или использовать оставшуюся половинку) и нарезать небольшими кубиками.

Сковороду разогреть, выложить туда нарезанный бекон и обжарить несколько минут, чтобы вытопился жир.

Добавить в сковороду лук. Обжарить лук и бекон 3-5 минут, помешивая."
12,3,4,"Огурцы нарезать полосками или небольшими кусочками.

Добавить огурцы в сковороду, перемешать и обжарить 1 минуту.

Добавить в сковороду томатную пасту.

Перемешать и тушить ещё 5 минут."
13,3,5,"Остывшее мясо снять с кости и нарезать небольшими кусочками.

Копчёные колбасные изделия, сосиски и ветчину нарезать кубиками.

Добавить в кастрюлю нарезанное мясо, колбасные изделия и заправку со сковороды. Всыпать соль и чёрный молотый перец. Перемешать, довести до кипения и варить солянку 20 минут.
Добавить в солянку оливки и маслины по вкусу."
14,3,6,"Обязательно попробовать солянку на вкус, при надобности добавить соль и перец. Проварить солянку ещё 5 минут, выключить огонь и накрыть кастрюлю крышкой. Дать настояться 10-15 минут.

Разлить солянку по тарелкам и подавать к столу, добавив лимон и свежую зелень по вкусу.

Приятного вам аппетита!"
15,4,1,Мясо зачистите от жил и пленок и крупно нарежьте. Уложите куски в один ряд на дно толстостенной кастрюли или сковороды.
16,4,2,"Лук нашинкуйте кольцами или полукольцами, в зависимости от его размеров, и распределите слоем поверх мяса."
17,4,3,Сливочное масло нарежьте тонкими ломтями и равномерно распределите поверх лука.
18,4,4,"  Влейте воду, доведите до кипения, убавьте огонь и тушите на слабом кипении под крышкой около одного часа. Затем добавьте рубленый чеснок, соль, сахар, влейте уксус."
19,4,5,Тушите говядину ещё около часа.
